{"features":[{"type":"Feature","geometry":{"type":"Point","coordinates":[-78.5500000000055,-0.36666666669999787,3058.0]},"properties":{"COD":"M003","quito-color-outline":"#000000","Rango_Dato":"1965 - 2011","Anos_falta":"0"}},{"type":"Feature","geometry":{"type":"Point","coordinates":[-78.571944444405162,-0.61916666669998932,3561.0]},"properties":{"COD":"M120","quito-color-outline":"#000000","Rango_Dato":"1982 - 2011","Anos_falta":"7"}},{"type":"Feature","geometry":{"type":"Point","coordinates":[-78.144722222216288,-0.36499999999998162,3150.0]},"properties":{"COD":"M188","quito-color-outline":"#000000","Rango_Dato":"1963 - 2011","Anos_falta":"5"}},{"type":"Feature","geometry":{"type":"Point","coordinates":[-78.233333333313027,0.033333333299993079,2790.0]},"properties":{"COD":"MA2T","quito-color-outline":"#000000","Rango_Dato":"1990 - 2011","Anos_falta":"1"}}],"type":"FeatureCollection"}