{"features":[{"type":"Feature","geometry":{"type":"Point","coordinates":[-78.571944444405162,-0.61916666669998932,3561.0]},"properties":{"COD":"M120","Anos_Falta":"6","quito-color-outline":"#FF0000","Rango_Dato":"1964 - 2011"}},{"type":"Feature","geometry":{"type":"Point","coordinates":[-78.144722222216288,-0.36499999999998162,3150.0]},"properties":{"COD":"M188","Anos_Falta":"4","quito-color-outline":"#FF0000","Rango_Dato":"1963 - 2011"}},{"type":"Feature","geometry":{"type":"Point","coordinates":[-78.535000000005752,-0.20166666669999,3165.0]},"properties":{"COD":"M335","Anos_Falta":"1","quito-color-outline":"#FF0000","Rango_Dato":"1977 - 2011"}},{"type":"Feature","geometry":{"type":"Point","coordinates":[-78.393055555608555,0.16888888889998913,2440.0]},"properties":{"COD":"M337","Anos_Falta":"1","quito-color-outline":"#FF0000","Rango_Dato":"1964 - 2011"}},{"type":"Feature","geometry":{"type":"Point","coordinates":[-78.303333333310874,-0.10222222220000272,2605.0]},"properties":{"COD":"M343","Anos_Falta":"2","quito-color-outline":"#FF0000","Rango_Dato":"1965 - 2011"}},{"type":"Feature","geometry":{"type":"Point","coordinates":[-78.136388888916642,0.052222222200002881,2840.0]},"properties":{"COD":"M359","Anos_Falta":"1","quito-color-outline":"#FF0000","Rango_Dato":"1976 - 2011"}},{"type":"Feature","geometry":{"type":"Point","coordinates":[-78.5500000000055,-0.36666666669998965,3058.0]},"properties":{"COD":"M003","Anos_Falta":"0","quito-color-outline":"#FF0000","Rango_Dato":"1964 - 2011"}},{"type":"Feature","geometry":{"type":"Point","coordinates":[-78.332222222210063,0.055555555599992083,2840.0]},"properties":{"COD":"M111","Anos_Falta":"6","quito-color-outline":"#FF0000","Rango_Dato":"1964 - 2006"}},{"type":"Feature","geometry":{"type":"Point","coordinates":[-78.167222222215415,-0.057222222199998778,3140.0]},"properties":{"COD":"M344","Anos_Falta":"8","quito-color-outline":"#FF0000","Rango_Dato":"1964 - 2011"}},{"type":"Feature","geometry":{"type":"Point","coordinates":[-78.420833333307925,-0.098333333300002962,2645.0]},"properties":{"COD":"M345","Anos_Falta":"11","quito-color-outline":"#FF0000","Rango_Dato":"1964 - 2011"}},{"type":"Feature","geometry":{"type":"Point","coordinates":[-78.4263888889078,-0.56138888889998362,3620.0]},"properties":{"COD":"M364","Anos_Falta":"3","quito-color-outline":"#FF0000","Rango_Dato":"1964 - 2011"}}],"type":"FeatureCollection"}