DPA_DESPAR,Area_km2,quito-color
ALANGASI,29.1746,#E3F5C6
AMAGUAÑA,56.4977,#E3F5C6
ATAHUALPA (HABASPAMBA),69.8361,#E3F5C6
CALACALI,190.334,#E3F5C6
CALDERON (CARAPUNGO),78.6929,#E3F5C6
CONOCOTO,38.8751,#E3F5C6
CUMBAYA,21.0044,#E3F5C6
CHAVEZPAMBA,12.3005,#E3F5C6
CHECA (CHILPA),88.8009,#E3F5C6
EL QUINCHE,74.5938,#E3F5C6
GUALEA,120.819,#E3F5C6
GUANGOPOLO,10.2844,#E3F5C6
GUAYLLABAMBA,55.6862,#E3F5C6
LA MERCED,31.9744,#E3F5C6
LLANO CHICO,7.7638,#E3F5C6
LLOA,540.282,#E3F5C6
NANEGAL,245.091,#E3F5C6
NANEGALITO,125.127,#E3F5C6
NAYON,15.9833,#E3F5C6
NONO,214.813,#E3F5C6
PACTO,345.815,#E3F5C6
PERUCHO,9.79541,#E3F5C6
PIFO,254.344,#E3F5C6
PINTAG,489.603,#E3F5C6
POMASQUI,23.6099,#E3F5C6
PUELLARO,70.7782,#E3F5C6
PUEMBO,31.7274,#E3F5C6
SAN ANTONIO,111.615,#E3F5C6
SAN JOSE DE MINAS,307.493,#E3F5C6
TABABELA,25.383,#E3F5C6
TUMBACO,65.4875,#E3F5C6
YARUQUI,72.4159,#E3F5C6
ZAMBIZA,7.53586,#E3F5C6
QUITO,372.001,#E3F5C6
