NAMPOB,quito-color
Cooperativa Cerro Azul,#FF0000
El Triunfo Chico,#FF0000
Guarumal,#FF0000
Guayllabamba,#FF0000
El Chaupi,#FF0000
San Pedro,#FF0000
Lomas de la Chala,#FF0000
La Pradera,#FF0000
La Delicia,#FF0000
Coop. Agropecuaria Romerillos,#FF0000
El Jordan,#FF0000
Asache,#FF0000
Loma Alta,#FF0000
San Josè,#FF0000
Monte Nuevo,#FF0000
Miraflores del Valle,#FF0000
Cuthualo,#FF0000
El Triunfo Grande,#FF0000
Calupiña,#FF0000
San Isidro,#FF0000
Rancho San Ricardo,#FF0000
Miraflores,#FF0000
La Moya,#FF0000
Ungua,#FF0000
Costa Azul,#FF0000
Sta. Rosa,#FF0000
Santa Ana del Pedregal,#FF0000
San Josè de Tucuso,#FF0000
San Roque,#FF0000
Monte Nuevo,#FF0000
San Juan,#FF0000
La Avanzada,#FF0000
Loreto del Pedregal,#FF0000
El Timbo,#FF0000
San Miguel,#FF0000
Pilongo,#FF0000
Guamaní,#FF0000
El Retiro,#FF0000
Aloasì,#FF0000
El Retiro,#FF0000
Falcòn,#FF0000
Guirìa Bajo,#FF0000
San Josè,#FF0000
Puichig,#FF0000
Santa Lucia,#FF0000
El Triunfo,#FF0000
Santa Ana,#FF0000
San Agustín,#FF0000
Chamilco,#FF0000
Saguambi,#FF0000
La Sabana,#FF0000
Mirador,#FF0000
El Pongo,#FF0000
Las Juntas,#FF0000
San Isidro,#FF0000
San Agustin,#FF0000
Musnsua,#FF0000
La Merced,#FF0000
Río Negro,#FF0000
Tanipamba,#FF0000
Los Alpes,#FF0000
Colina Peñas Blancas,#FF0000
San Ignacio,#FF0000
Silante,#FF0000
Cooperativa El Suro,#FF0000
Aguas Calientes,#FF0000
San Juan,#FF0000
Rumipamba,#FF0000
Quilluturo,#FF0000
Canchacoto,#FF0000
Yamboya,#FF0000
Rafael Delgado,#FF0000
Santo Domingo de Patichubamba,#FF0000
Lacche,#FF0000
Chinchin,#FF0000
Coop. Asociacion Lloalan,#FF0000
La Moca,#FF0000
La Moca,#FF0000
Coop. Asociacion La Palestina,#FF0000
Rumisanto,#FF0000
Pullincate,#FF0000
Patichubamba,#FF0000
Taxouco,#FF0000
Los Tubos,#FF0000
El Taxo,#FF0000
Pasochoa,#FF0000
Coop. Miraflores,#FF0000
Cepulbida,#FF0000
Curipungo,#FF0000
Río Blanco,#FF0000
El Belen,#FF0000
San Guillermo,#FF0000
San Miguel,#FF0000
Loreto,#FF0000
La Libertad,#FF0000
San Luis,#FF0000
Barrio 4 de Octubre,#FF0000
Papallacta,#FF0000
San Juan,#FF0000
Guendina,#FF0000
Barrio Salgado,#FF0000
Barrio Valencia,#FF0000
Palo Quemado,#FF0000
Barrio San Fernando,#FF0000
Cachaco,#FF0000
Barrio Jatumpungo,#FF0000
Barrio Luz de America,#FF0000
La Florida,#FF0000
San Francisco,#FF0000
Barrio San vicente,#FF0000
Yanahuaycu,#FF0000
Cotogchoa,#FF0000
Carlos Gavilanez,#FF0000
Santa Teresa,#FF0000
San Agustín,#FF0000
San Jose del Vinculo,#FF0000
Barrio El Milagro,#FF0000
La Balbina,#FF0000
Barrio San Isidro,#FF0000
Pugro,#FF0000
Cooperativa San Antonio,#FF0000
Comuna Yamanco,#FF0000
La Victoria Alta,#FF0000
Barrio Salcoto,#FF0000
Barrio Chillo Jijon,#FF0000
Barrio Heroes de Paquisha,#FF0000
Selva Alegre,#FF0000
Barrio Inchalillo,#FF0000
San Fernando,#FF0000
Las Damas,#FF0000
Barrio Sebastian Alto,#FF0000
Santa Teresita,#FF0000
Barrio Santa Isabel,#FF0000
El Rocio,#FF0000
El Batan,#FF0000
Lot. Miranda Grande,#FF0000
Rumiloma,#FF0000
Barrio Chaupitena,#FF0000
Cashaloma,#FF0000
Barrio Cabre,#FF0000
Cooperativa Atahualpa,#FF0000
Rancho San Jose,#FF0000
Rumiloma,#FF0000
Cooperativa Agrícola Nueva Esperanza,#FF0000
Barrio Cashatamba,#FF0000
Santa Inés,#FF0000
San Juanito,#FF0000
Coop. Atahualpa,#FF0000
Cdla. Los Médicos,#FF0000
Barrio Concepción,#FF0000
Coop. Marco,#FF0000
Chaupihacienda,#FF0000
San Pedro de Taboada,#FF0000
Coop. Dos Ríos,#FF0000
San José de Conocoto,#FF0000
Barrio Santa Rosa,#FF0000
Urb. Yahuachi,#FF0000
Barrio Sta. Ana,#FF0000
Armada del Ecuador,#FF0000
Cooperativa Agrícola Chictoa,#FF0000
Inga Bajo,#FF0000
Barrio La Cocha,#FF0000
Inga Alto,#FF0000
Los Dos Ríos,#FF0000
Coop. San Gabriel,#FF0000
Barrio San Juan,#FF0000
Palmeras,#FF0000
San José de Pilatón,#FF0000
La Palma,#FF0000
Urb. Las Cendes,#FF0000
Cooperativa La Magdalena,#FF0000
San José de Mene,#FF0000
Cooperativa Magdalena,#FF0000
Coop. del Valle,#FF0000
San Pedro,#FF0000
San Juan,#FF0000
Cooperativa La Magdalena,#FF0000
Coop. San José del Tablón Alto,#FF0000
Coop. Seis de Diciembre,#FF0000
Paquiucho,#FF0000
El Volante,#FF0000
La Isla,#FF0000
Coop. América Libre,#FF0000
Barrio La Luz,#FF0000
Urb. La Armenia,#FF0000
La Florida,#FF0000
El Sigsal,#FF0000
La Dolorosita,#FF0000
Barrio Itulcachi,#FF0000
Coop. Buenos Aires,#FF0000
Corrales,#FF0000
Troje,#FF0000
La Alcantarilla N 2,#FF0000
Urb. La Rivera,#FF0000
Los Respaldos,#FF0000
Cuchauco,#FF0000
San José,#FF0000
Barrio Sto. Domingo de Conocoto,#FF0000
Coop. Dos Ríos,#FF0000
Paluguillo,#FF0000
Coop. Monserrat,#FF0000
Arredadora,#FF0000
Ventanillas,#FF0000
El Calvario,#FF0000
El Paso,#FF0000
Mulauco,#FF0000
El Carmen,#FF0000
Barrio Salvador Celi,#FF0000
Guajalto,#FF0000
Pirámana,#FF0000
La Rinconada,#FF0000
Comuna Palugo,#FF0000
Las Palmeras,#FF0000
El Cinto,#FF0000
EL Arrayan,#FF0000
San José,#FF0000
Sigsipamba,#FF0000
Cochapamba,#FF0000
Barrio Amazonas,#FF0000
Zapadores,#FF0000
Cooperativa Agrícola Bellavista,#FF0000
Cunubiro,#FF0000
Las Lagunas,#FF0000
Urb. Natalia,#FF0000
Hospitalillo,#FF0000
Coop. Alma Lojana,#FF0000
Coop. El Dorado,#FF0000
Lumbisi,#FF0000
Cdla. Amazonas,#FF0000
Urb. Wilson López,#FF0000
El Rublo,#FF0000
Chiviqui,#FF0000
Cooperativa Mar de la Tranquilidad,#FF0000
La Victoria,#FF0000
Urb. Jardines del Ecuador,#FF0000
Barrio San Francisco,#FF0000
Yunayacu,#FF0000
Urb. Lomas de Cumbayá,#FF0000
Coop. Espejo,#FF0000
Doce de Octubre,#FF0000
Yacupamba,#FF0000
Coop. Agrícola El Dorado,#FF0000
Barrio  La Isla,#FF0000
Estación Esperimental La Favorita,#FF0000
Barrio Chaupi Molino,#FF0000
Urb. La Primavera,#FF0000
La Morita,#FF0000
Tola Chica,#FF0000
Barrio Tola Grande,#FF0000
Tola Grande,#FF0000
Urb. La Católica,#FF0000
Chiche Sur,#FF0000
Barrio San Juan Bautista,#FF0000
San José,#FF0000
Barrio San Blas,#FF0000
El Arenal,#FF0000
Las Palmeras,#FF0000
Santa Rosa,#FF0000
Cooperativa América Latina,#FF0000
La Paz,#FF0000
Barrio Chique Sur,#FF0000
Cooperativa Buenos Aires,#FF0000
Oyambarillo,#FF0000
Santa Rosa,#FF0000
Cooperativa Dos Ríos,#FF0000
El Vergel,#FF0000
San Rafaél,#FF0000
Barrio Chique Centro,#FF0000
Barrio Churoloma,#FF0000
Urb. Jardín del Valle,#FF0000
San Vicente,#FF0000
San José,#FF0000
La Esperanza,#FF0000
Urb. Jacaranda,#FF0000
Barrio La Buena Esperanza,#FF0000
Colonia Ecuador,#FF0000
Cruz Loma,#FF0000
Urb. Miravalle,#FF0000
Barrio San José,#FF0000
Lindiche Bajo,#FF0000
Cooperativa Colonos de Achiote,#FF0000
San Carlos,#FF0000
Motifondo,#FF0000
Coop. Batán Alto,#FF0000
Barrio Chique Norte,#FF0000
Chinangachi,#FF0000
La Colina,#FF0000
Inchapicho,#FF0000
Cooperativa Nueva Esperanza,#FF0000
Atenas,#FF0000
Iñaquito,#FF0000
Tablon Bajo,#FF0000
El Tesoro,#FF0000
El Carmen,#FF0000
Playas del Verde,#FF0000
Osorio,#FF0000
Nariz del Diablo,#FF0000
Las Piñas,#FF0000
Coop. Shalon,#FF0000
Virginia,#FF0000
Nolivos,#FF0000
Gualo,#FF0000
Escandaloso,#FF0000
San Rafael,#FF0000
Las Lagunas,#FF0000
Santa Ana Alto,#FF0000
Santa Barbra,#FF0000
Cotocollao,#FF0000
Asociacion Agricola Quinchucajas,#FF0000
Santa Rosa de Singuna,#FF0000
Tablahuas,#FF0000
Chumillos,#FF0000
La Esperanza,#FF0000
El Cisne,#FF0000
Guagrahuasi,#FF0000
Calderon,#FF0000
El Rancho,#FF0000
La Compañia,#FF0000
Espiga de Oro,#FF0000
Pacchapamba,#FF0000
Alto Peru,#FF0000
El Tablón,#FF0000
Cochapamba,#FF0000
La Esperanza,#FF0000
Rundunpamba,#FF0000
Lotz Plan Techo,#FF0000
Pugyoloma,#FF0000
Jatuncunga,#FF0000
Coop. Vilcabamba,#FF0000
Larcachaca,#FF0000
Barrio El Cramen,#FF0000
Bella Horizonte 2 Etapa,#FF0000
Janchipaccha,#FF0000
Cochapamba,#FF0000
Coop. Mariana de Jesus,#FF0000
Paccha,#FF0000
Barrio Las Flores,#FF0000
Jesus del Gran Poder,#FF0000
San Miguel del Quinche,#FF0000
Pusuqui Chico Alto,#FF0000
San Vicente Alto,#FF0000
Coop. de Vivienda Luz y Vida,#FF0000
Pucara,#FF0000
La Sierra,#FF0000
Alambi,#FF0000
San Lorenzo,#FF0000
Barrio San Juan,#FF0000
Finca Miraflores,#FF0000
Barrio La Conepion,#FF0000
Santo Domingo de los Colorados,#FF0000
Tenerías,#FF0000
Cangahua,#FF0000
Hacienda San Carlos,#FF0000
Hacienda El Carmelo,#FF0000
Ninarumi,#FF0000
Yaguira,#FF0000
Hacienda Yaguira,#FF0000
Coop. Dona Ana de Guayabamba,#FF0000
San Vicente,#FF0000
Monopungo,#FF0000
Estacion Meteorologica Mindo,#FF0000
San Pedro,#FF0000
Santa Rosa,#FF0000
Pitaña Alto,#FF0000
Santo Domingo de Sevilla,#FF0000
Hacienda San Vicente,#FF0000
Pambamarco Alto,#FF0000
Finca San Fernando,#FF0000
Carrera,#FF0000
Chiguipe,#FF0000
Santa Rosa,#FF0000
Agua Potable,#FF0000
Barrio Rumiñahui,#FF0000
Conplejo Deportivo Contraloria,#FF0000
Ambamarquito Alto,#FF0000
Cruz Loma,#FF0000
Quijuarchupa,#FF0000
Cooperativa Amanecer Campesino,#FF0000
Pambamarquito,#FF0000
Comite Chaupiestacia,#FF0000
Rayochucu,#FF0000
Coop. Vivienda Rural Policia Nacional,#FF0000
Chiguilpe,#FF0000
La Buena Esperanza,#FF0000
Hacienda La Alhambra,#FF0000
Urb. L. D. U.,#FF0000
Santa Teresa,#FF0000
Finca La Palma,#FF0000
Guassayacu,#FF0000
Carcelen,#FF0000
Finca La Elenita,#FF0000
Otoncito,#FF0000
Pueblo Nuevo,#FF0000
Urb. Colinas de los Andes,#FF0000
Alaspungo,#FF0000
Pueblo Nuevo,#FF0000
Pucará,#FF0000
Tundaise,#FF0000
Coniburo,#FF0000
Coop. de Vivienda Rumicucho,#FF0000
Comuna El Llano,#FF0000
Hacienda La Dolorosa,#FF0000
La Florida,#FF0000
Finca Comaga,#FF0000
Rancho Ganadero El Padrino,#FF0000
Coop. Virgen de Guadalupe,#FF0000
Cuchiloma,#FF0000
Santo  Domingo,#FF0000
Tanda,#FF0000
Saloya,#FF0000
Cantarrilla,#FF0000
Tandayapa,#FF0000
Santa Rosa de Pingulmi,#FF0000
Paso de Canoa,#FF0000
La Unión,#FF0000
Pachijal,#FF0000
Planada Purujil,#FF0000
San Jose,#FF0000
Moronga,#FF0000
Coop. Primero de Mayo,#FF0000
Tomalón Bajo,#FF0000
Rumicuchu,#FF0000
La Mira,#FF0000
Cubinche,#FF0000
San Isidro,#FF0000
Tahuallullo,#FF0000
Rumiloma,#FF0000
Coop. Primero de Mayo,#FF0000
Comuna Luis Freile,#FF0000
San Ramón,#FF0000
Coop. Nueva aurora,#FF0000
Picalquí,#FF0000
Coop. Nueva Aurora,#FF0000
Yunguillas,#FF0000
San Luis de Echisi,#FF0000
San Juan,#FF0000
San Ruperto,#FF0000
Los Zuros,#FF0000
El Salado,#FF0000
Guallaro Grande,#FF0000
Isopamba,#FF0000
Cochasquí,#FF0000
Chimbacalle,#FF0000
Rumi Tola,#FF0000
Pululahua,#FF0000
El Rosario,#FF0000
Cananvalle,#FF0000
San Lorenzo,#FF0000
Guallaro Chico,#FF0000
San Francisco,#FF0000
Dieciocho de Septiembre,#FF0000
San Juan,#FF0000
Alchipichi,#FF0000
Santa Ana,#FF0000
Dos Puentes,#FF0000
Oyacachi,#FF0000
El Contadero,#FF0000
Miraflores,#FF0000
La Cofraida,#FF0000
San Luis,#FF0000
Pichincha,#FF0000
Tanlagua,#FF0000
Pirca,#FF0000
Veranillo,#FF0000
Marianita de Jesus,#FF0000
Guaraqui,#FF0000
Río Blanco,#FF0000
Chaupiurcu,#FF0000
Gurumal Grande,#FF0000
San Jose de Miraflores,#FF0000
Changala,#FF0000
Cabadal,#FF0000
Santo Domingo de Gúzman,#FF0000
Ugsha,#FF0000
Nápoles,#FF0000
San Jose de Niebli,#FF0000
Pucalpa,#FF0000
Tahuaguri,#FF0000
Rancho San Agustin,#FF0000
Mamacuchara,#FF0000
San José Chico,#FF0000
Bellavista,#FF0000
Armenia,#FF0000
San José,#FF0000
Coop. Patria y Progreso,#FF0000
San Joaquín,#FF0000
La Primavera,#FF0000
Magotilla,#FF0000
Granja Santa Elena,#FF0000
Alvaro Perez Intriago,#FF0000
Las Tolas,#FF0000
Coop. El Golan,#FF0000
Palute,#FF0000
San José Alto,#FF0000
Collagal,#FF0000
La Cruz,#FF0000
Matillo,#FF0000
Tulipe,#FF0000
Pinguilla,#FF0000
Coop. Rumiñahui,#FF0000
San Juan Alto,#FF0000
Sta. Clara,#FF0000
Infiernillo,#FF0000
Pichipungo,#FF0000
Nañoloma,#FF0000
Cumisalto,#FF0000
Chufical,#FF0000
El Troye,#FF0000
El Aluguincho,#FF0000
San Nicolás,#FF0000
San Palbito de Agualongo,#FF0000
Chimbo,#FF0000
Charhuayacu,#FF0000
Santa María de Milán,#FF0000
Puyugloma,#FF0000
Conrogal,#FF0000
Santa Rosa de la Compañía,#FF0000
Lucas Pamba,#FF0000
Los Reales,#FF0000
Loma Gorda,#FF0000
El Pinto,#FF0000
Cullibaro,#FF0000
San Francisco de la Compañía,#FF0000
Florencia,#FF0000
Ambuela,#FF0000
Pastucu,#FF0000
Cashapata,#FF0000
San Miguel del Prado,#FF0000
Cualea Cruz,#FF0000
Asociación Calvas,#FF0000
Santa Rita,#FF0000
Piscal,#FF0000
Chiriacu,#FF0000
San Vicente,#FF0000
San Ramón,#FF0000
Comuna Cajas,#FF0000
San Miguel,#FF0000
Pilgaran,#FF0000
Santa Mónica,#FF0000
La Punta,#FF0000
Parcayacu,#FF0000
San Isidro de Cajas,#FF0000
La Playa,#FF0000
La Delicia,#FF0000
San Vicente,#FF0000
Ingapi,#FF0000
Campan pungo,#FF0000
Nueva Granada,#FF0000
Santa Marianita,#FF0000
Quisaya,#FF0000
Cajas,#FF0000
Guanabana,#FF0000
El Moyal,#FF0000
San Joaquin,#FF0000
Las Estacas,#FF0000
Las Palmeras,#FF0000
Mojanda Chico,#FF0000
Eugenio Espejo de Cajas,#FF0000
Artillero,#FF0000
Coop. Los Laureles,#FF0000
Los Entables de Chespi,#FF0000
Ilí,#FF0000
El Porvenir,#FF0000
Chiguilli,#FF0000
San Agustín de Cajas,#FF0000
Mojanda Grande,#FF0000
Pacto Loma,#FF0000
Pirca,#FF0000
Naringuera Grande,#FF0000
Chirmoyo,#FF0000
Piganta,#FF0000
La Victoria,#FF0000
San Pedro,#FF0000
Coop. Conrad Adenaguer,#FF0000
Sta Marianita,#FF0000
El Ortigal,#FF0000
Cooperativa Mojanda Cajas,#FF0000
La Cruz,#FF0000
Coop Rumiagua,#FF0000
Alanec,#FF0000
La Playa,#FF0000
Pachijal,#FF0000
Mashpi,#FF0000
San Luis de la  Chonta,#FF0000
Cariyacu,#FF0000
Tomacucho,#FF0000
La Calera,#FF0000
Sambopamba,#FF0000
El Pilón,#FF0000
San Vicente de Tomacucho,#FF0000
Manchurri,#FF0000
Curubí,#FF0000
Caluquí Bajo,#FF0000
Jatumpamba,#FF0000
El Paraíso,#FF0000
Pataqui,#FF0000
Pijal,#FF0000
Huayrapungu,#FF0000
Mortiñal,#FF0000
Pilchibuela,#FF0000
Comuna Calpaquí,#FF0000
La Merced,#FF0000
Tocagón,#FF0000
Asilla,#FF0000
San Rafael,#FF0000
Comuna Imbabuela,#FF0000
Anagumba,#FF0000
Cachimuel,#FF0000
San Miguel,#FF0000
Huaycupungu,#FF0000
Cashahuaycu,#FF0000
Nariz del Diablo,#FF0000
San Pablo,#FF0000
San Pedro de Anagumba,#FF0000
Mojandita de Dávila,#FF0000
Comuna Chuchuqui,#FF0000
Chozones,#FF0000
Valenzuela,#FF0000
Gualabí Bajo,#FF0000
Mojandita de Albuja,#FF0000
Malespamba,#FF0000
Santa Rosa,#FF0000
Anglas,#FF0000
Mojandita Curuvi,#FF0000
Calpaqui,#FF0000
Bella Vista,#FF0000
Huagshi,#FF0000
Copacabana,#FF0000
La Unión,#FF0000
Minas Chupa,#FF0000
Motilón Chupa,#FF0000
Comuna Imbabuela Alto,#FF0000
Gualabi Alto,#FF0000
Eugenio Espejo,#FF0000
Casactola,#FF0000
Abatag,#FF0000
Comuna Imbabuela Bajo,#FF0000
La Rinconada,#FF0000
Araque,#FF0000
Comuna Rumitola,#FF0000
Burro Chupa,#FF0000
San Alberto,#FF0000
Cubilche,#FF0000
Punyaro,#FF0000
El Topo,#FF0000
San Juan Cucho,#FF0000
Cuatro Esquinas,#FF0000
Pucará de Velásquez,#FF0000
Huasara,#FF0000
San Lorenzo,#FF0000
Arias Pamba,#FF0000
Camuendo,#FF0000
San Francisco,#FF0000
Imbabura,#FF0000
Pucará,#FF0000
La Joya,#FF0000
Pucará Bajo,#FF0000
Asilla Grande,#FF0000
Cuchicorral,#FF0000
Yambiro,#FF0000
Jarrín,#FF0000
Larga Cunga,#FF0000
Padre Chupa,#FF0000
Imbaburita,#FF0000
Anda Nieto,#FF0000
Pucará Alto,#FF0000
Padre Chupa,#FF0000
La Compañía,#FF0000
Agualongo,#FF0000
San Juan Alto,#FF0000
El Calvario,#FF0000
Tabla Chupa,#FF0000
Barrio Sta Clara,#FF0000
La Banda,#FF0000
Pusapugro,#FF0000
La Portada,#FF0000
San Juan,#FF0000
San José de Quichinche,#FF0000
Quinlla Chupa,#FF0000
Perugachi,#FF0000
Agato,#FF0000
Cachichulla,#FF0000
Tangali,#FF0000
Cachimbiro,#FF0000
Peguche,#FF0000
Urcu Tambo,#FF0000
San Eloy,#FF0000
Atahualpa,#FF0000
Cutambi,#FF0000
Cotama,#FF0000
Gualapuro,#FF0000
San José de La Bolsa,#FF0000
San Juan de Inguincho,#FF0000
Azama,#FF0000
Gualsaquí,#FF0000
Sigsicunga Alto,#FF0000
San Jorge,#FF0000
La Esperanza,#FF0000
Guananci,#FF0000
Atencia,#FF0000
Patalanga,#FF0000
Guachinguero,#FF0000
Cumburlo Grande,#FF0000
Cumbas Condi,#FF0000
Moraspungo,#FF0000
Quitugo,#FF0000
Punge,#FF0000
Rumicorral,#FF0000
San Antonio del Punge,#FF0000
San Martín,#FF0000
Ilumán,#FF0000
Carabuela,#FF0000
Cambugán,#FF0000
Carabuela,#FF0000
Trojeloma,#FF0000
Domingo Sabio,#FF0000
Taruga Chupa,#FF0000
La Calera,#FF0000
Arrayan Chupa,#FF0000
La Victoria,#FF0000
Rumichupa,#FF0000
Cuicocha,#FF0000
El Aserradero,#FF0000
Guitarrahucu,#FF0000
Buenos Aires,#FF0000
Sahuangal,#FF0000
Chontal Bajo,#FF0000
Cooperativa Primero de Mayo,#FF0000
Río Blanco,#FF0000
Milpe,#FF0000
Chipal,#FF0000
San Juan de Puerto Quito,#FF0000
Las Islas,#FF0000
San Vicente de Andoas,#FF0000
El Guayabal,#FF0000
San Luis,#FF0000
San José,#FF0000
La Merced,#FF0000
Santa Teresa,#FF0000
Piripe,#FF0000
San Juan,#FF0000
La Delicia,#FF0000
Turucucho,#FF0000
El Progreso,#FF0000
Santa Elena,#FF0000
Santa Rosa,#FF0000
Río Anope,#FF0000
La Unión,#FF0000
Guayabillas,#FF0000
