NAMRH,quito-color
Rio Guayllabamba,#000000
R.,#000000
Rio Cinto,#000000
Rio Pachijal,#000000
Rio Mashpi,#000000
RÍO SAN PEDRO,#000000
Rio Pisque,#000000
Rio Granobles,#000000
Rio Guachala,#000000
Rio Alambi,#000000
Rio Intag,#000000
Rio Blanco,#000000
Rio Saloya,#000000
Rio Cinto,#000000
Rio Mindo,#000000
Rio Toachi,#000000
Rio Pilaton,#000000
Rio Cocaniguas,#000000
Rio El Dorado,#000000
Rio Mulaute,#000000
Rio Lindiche,#000000
Rio Pita,#000000
Rio Machangara,#000000
Rio Chiche,#000000
Rio San Pedro,#000000
Rio Pisque,#000000
R.,#000000
