{"features":[{"type":"Feature","geometry":{"type":"Point","coordinates":[-78.49722222222222,-0.10777777777777778]},"properties":{"quito-color-outline":"#FF0000","Anos_Falta":"0","Rango_Dato":"2005 - 2013","Lon":-78.497222,"Estacion":"COTOCOLLAO","Lat":-0.107778}},{"type":"Feature","geometry":{"type":"Point","coordinates":[-78.447222222222223,-0.098333333333333328]},"properties":{"quito-color-outline":"#FF0000","Anos_Falta":"0","Rango_Dato":"2005 - 2013","Lon":-78.447222,"Estacion":"CARAPUNGO","Lat":-0.098333}},{"type":"Feature","geometry":{"type":"Point","coordinates":[-78.49,-0.18]},"properties":{"quito-color-outline":"#FF0000","Anos_Falta":"0","Rango_Dato":"2005 - 2013","Lon":-78.49,"Estacion":"BELISARIO","Lat":-0.18}},{"type":"Feature","geometry":{"type":"Point","coordinates":[-78.51,-0.25]},"properties":{"quito-color-outline":"#FF0000","Anos_Falta":"0","Rango_Dato":"2005 - 2013","Lon":-78.51,"Estacion":"EL CAMAL","Lat":-0.25}},{"type":"Feature","geometry":{"type":"Point","coordinates":[-78.55138888888888,-0.33083333333333331]},"properties":{"quito-color-outline":"#FF0000","Anos_Falta":"0","Rango_Dato":"2008 -2013 (solo precipitacion)","Lon":-78.551389,"Estacion":"GUAMANI","Lat":-0.330833}},{"type":"Feature","geometry":{"type":"Point","coordinates":[-78.4,-0.21000000000000002]},"properties":{"quito-color-outline":"#FF0000","Anos_Falta":"0","Rango_Dato":"2005 - 2013","Lon":-78.4,"Estacion":"TUMBACO","Lat":-0.21}},{"type":"Feature","geometry":{"type":"Point","coordinates":[-78.460000000000008,-0.3]},"properties":{"quito-color-outline":"#FF0000","Anos_Falta":"0","Rango_Dato":"2005 - 2013","Lon":-78.46,"Estacion":"LOS CHILLOS","Lat":-0.3}}],"type":"FeatureCollection"}